Order_ID,Order_Date,Product,Category,Quantity,Sales,Profit,Region,Customer,Year,Month,Month_Name,Month_Year,Quarter,Weekday,Profit_Margin_%
ORD00001,2023-05-02,Usb Hub,Accessories,3,12000.0,5032.44,East,CUST1023,2023,5,May,May-2023,Q2,Tuesday,41.94
ORD00002,2023-05-30,Lenovo Tab P11,Tablets,5,189000.0,33855.6,North,CUST1002,2023,5,May,May-2023,Q2,Tuesday,17.91
ORD00003,2023-01-22,Wireless Earbuds,Accessories,4,5200.0,1876.41,North,CUST1044,2023,1,Jan,Jan-2023,Q1,Sunday,36.08
ORD00004,2023-07-07,Iphone 13,Phones,3,164400.0,15903.93,West,CUST1015,2023,7,Jul,Jul-2023,Q3,Friday,9.67
ORD00005,2023-11-03,Oneplus Pad,Tablets,4,150000.0,12975.46,East,CUST1021,2023,11,Nov,Nov-2023,Q4,Friday,8.65
ORD00006,2023-09-22,Samsung S22,Phones,4,304800.0,44986.83,South,CUST1002,2023,9,Sep,Sep-2023,Q3,Friday,14.76
ORD00007,2023-02-04,Screen Guard,Accessories,4,4000.0,1596.14,South,CUST1017,2023,2,Feb,Feb-2023,Q1,Saturday,39.9
ORD00008,2023-04-16,Wireless Earbuds,Accessories,4,7600.0,3070.5,West,CUST1029,2023,4,Apr,Apr-2023,Q2,Sunday,40.4
ORD00009,2023-09-27,Macbook Air,Laptops,4,573200.0,134257.26,East,CUST1048,2023,9,Sep,Sep-2023,Q3,Wednesday,23.42
ORD00010,2023-02-22,Charger 65W,Accessories,5,11000.0,3896.97,West,CUST1026,2023,2,Feb,Feb-2023,Q1,Wednesday,35.43
ORD00011,2023-01-15,Redmi Note 11,Phones,4,201200.0,19498.47,North,CUST1001,2023,1,Jan,Jan-2023,Q1,Sunday,9.69
ORD00012,2023-05-19,Iphone 13,Phones,1,27900.0,2250.49,East,CUST1017,2023,5,May,May-2023,Q2,Friday,8.07
ORD00013,2023-02-10,Lenovo Tab P11,Tablets,1,38100.0,7988.89,West,CUST1007,2023,2,Feb,Feb-2023,Q1,Friday,20.97
ORD00014,2023-03-03,Redmi Note 11,Phones,2,42400.0,5278.72,West,CUST1037,2023,3,Mar,Mar-2023,Q1,Friday,12.45
ORD00015,2023-05-11,Oneplus Pad,Tablets,3,108300.0,14469.94,North,CUST1005,2023,5,May,May-2023,Q2,Thursday,13.36
ORD00016,2023-06-28,Hp Pavilion,Laptops,1,118200.0,13786.09,East,CUST1032,2023,6,Jun,Jun-2023,Q2,Wednesday,11.66
ORD00017,2023-08-19,Redmi Note 11,Phones,5,240500.0,45432.37,North,CUST1015,2023,8,Aug,Aug-2023,Q3,Saturday,18.89
ORD00018,2023-08-31,Realme Pad,Tablets,4,210000.0,34406.64,South,CUST1028,2023,8,Aug,Aug-2023,Q3,Thursday,16.38
ORD00019,2023-10-11,Macbook Air,Laptops,5,362500.0,41986.25,West,CUST1044,2023,10,Oct,Oct-2023,Q4,Wednesday,11.58
ORD00020,2023-08-19,Screen Guard,Accessories,3,6000.0,1946.51,South,CUST1033,2023,8,Aug,Aug-2023,Q3,Saturday,32.44
ORD00021,2023-08-21,Iphone 13,Phones,3,128400.0,22875.97,East,CUST1039,2023,8,Aug,Aug-2023,Q3,Monday,17.82
ORD00022,2023-06-01,Ipad Air,Tablets,5,209000.0,24603.0,East,CUST1032,2023,6,Jun,Jun-2023,Q2,Thursday,11.77
ORD00023,2023-09-25,Redmi Note 11,Phones,1,19200.0,2121.02,South,CUST1039,2023,9,Sep,Sep-2023,Q3,Monday,11.05
ORD00024,2023-07-06,Hp Pavilion,Laptops,1,56300.0,14055.92,North,CUST1002,2023,7,Jul,Jul-2023,Q3,Thursday,24.97
ORD00025,2023-05-06,Lenovo Ideapad,Laptops,5,390000.0,76109.55,South,CUST1044,2023,5,May,May-2023,Q2,Saturday,19.52
ORD00026,2023-10-21,Lenovo Ideapad,Laptops,3,242100.0,33004.04,West,CUST1005,2023,10,Oct,Oct-2023,Q4,Saturday,13.63
ORD00027,2023-07-20,Wireless Earbuds,Accessories,3,12600.0,5791.83,West,CUST1006,2023,7,Jul,Jul-2023,Q3,Thursday,45.97
ORD00028,2023-12-12,Samsung Qled,Tvs,4,224000.0,19360.08,East,CUST1019,2023,12,Dec,Dec-2023,Q4,Tuesday,8.64
ORD00029,2023-12-04,Screen Guard,Accessories,1,3600.0,1358.45,West,CUST1001,2023,12,Dec,Dec-2023,Q4,Monday,37.73
ORD00030,2023-10-25,Oneplus Pad,Tablets,1,16900.0,3539.83,East,CUST1007,2023,10,Oct,Oct-2023,Q4,Wednesday,20.95
ORD00031,2023-10-31,Wireless Earbuds,Accessories,1,2800.0,986.06,South,CUST1012,2023,10,Oct,Oct-2023,Q4,Tuesday,35.22
ORD00032,2023-05-27,Oneplus Tv,Tvs,3,128700.0,12028.89,West,CUST1016,2023,5,May,May-2023,Q2,Saturday,9.35
ORD00033,2023-04-14,Oneplus Pad,Tablets,1,39600.0,3634.47,West,CUST1035,2023,4,Apr,Apr-2023,Q2,Friday,9.18
ORD00034,2023-12-04,Oneplus 10,Phones,1,15300.0,1519.24,South,CUST1035,2023,12,Dec,Dec-2023,Q4,Monday,9.93
ORD00035,2023-10-04,Sony Bravia,Tvs,4,370800.0,32804.64,West,CUST1020,2023,10,Oct,Oct-2023,Q4,Wednesday,8.85
ORD00036,2023-01-22,Ipad Air,Tablets,1,35300.0,5338.56,South,CUST1030,2023,1,Jan,Jan-2023,Q1,Sunday,15.12
ORD00037,2023-04-07,Samsung Qled,Tvs,3,198900.0,20289.67,West,CUST1047,2023,4,Apr,Apr-2023,Q2,Friday,10.2
ORD00038,2023-02-04,Vivo V23,Phones,4,248000.0,28195.79,West,CUST1049,2023,2,Feb,Feb-2023,Q1,Saturday,11.37
ORD00039,2023-01-06,Redmi Note 11,Phones,4,182000.0,20665.6,East,CUST1041,2023,1,Jan,Jan-2023,Q1,Friday,11.35
ORD00040,2023-07-07,Oneplus Tv,Tvs,1,77500.0,9972.32,North,CUST1021,2023,7,Jul,Jul-2023,Q3,Friday,12.87
ORD00041,2023-02-27,Oneplus 10,Phones,2,102400.0,19695.47,East,CUST1040,2023,2,Feb,Feb-2023,Q1,Monday,19.23
ORD00042,2023-04-14,Macbook Air,Laptops,3,217500.0,32273.22,North,CUST1009,2023,4,Apr,Apr-2023,Q2,Friday,14.84
ORD00043,2023-01-13,Realme Pad,Tablets,2,93600.0,18103.73,West,CUST1007,2023,1,Jan,Jan-2023,Q1,Friday,19.34
ORD00044,2023-05-22,Redmi Note 11,Phones,5,138000.0,12214.78,West,CUST1023,2023,5,May,May-2023,Q2,Monday,8.85
ORD00045,2023-02-20,Wireless Earbuds,Accessories,2,5000.0,2172.03,North,CUST1022,2023,2,Feb,Feb-2023,Q1,Monday,43.44
ORD00046,2023-02-23,Macbook Air,Laptops,1,44100.0,9851.5,East,CUST1037,2023,2,Feb,Feb-2023,Q1,Thursday,22.34
ORD00047,2023-07-15,Vivo V23,Phones,4,116000.0,17950.64,South,CUST1045,2023,7,Jul,Jul-2023,Q3,Saturday,15.47
ORD00048,2023-04-16,Phone Case,Accessories,4,4400.0,2173.19,South,CUST1019,2023,4,Apr,Apr-2023,Q2,Sunday,49.39
ORD00049,2023-04-27,Oneplus 10,Phones,4,253600.0,27922.19,South,CUST1023,2023,4,Apr,Apr-2023,Q2,Thursday,11.01
ORD00050,2023-08-27,Redmi Note 11,Phones,5,94000.0,17843.61,South,CUST1032,2023,8,Aug,Aug-2023,Q3,Sunday,18.98
ORD00051,2023-07-11,Vivo V23,Phones,5,282500.0,40116.0,East,CUST1005,2023,7,Jul,Jul-2023,Q3,Tuesday,14.2
ORD00052,2023-03-27,Samsung Qled,Tvs,4,315200.0,24912.64,North,CUST1029,2023,3,Mar,Mar-2023,Q1,Monday,7.9
ORD00053,2023-07-23,Usb Hub,Accessories,1,1900.0,942.21,West,CUST1026,2023,7,Jul,Jul-2023,Q3,Sunday,49.59
ORD00054,2023-01-23,Asus Vivobook,Laptops,4,236400.0,39024.38,South,CUST1010,2023,1,Jan,Jan-2023,Q1,Monday,16.51
ORD00055,2023-05-27,Mi Tv 4K,Tvs,2,99600.0,6158.92,South,CUST1032,2023,5,May,May-2023,Q2,Saturday,6.18
ORD00056,2023-09-04,Vivo V23,Phones,5,128000.0,11323.94,South,CUST1049,2023,9,Sep,Sep-2023,Q3,Monday,8.85
ORD00057,2023-02-02,Phone Case,Accessories,4,12400.0,4682.66,North,CUST1043,2023,2,Feb,Feb-2023,Q1,Thursday,37.76
ORD00058,2023-02-12,Mi Tv 4K,Tvs,3,308700.0,42655.6,West,CUST1029,2023,2,Feb,Feb-2023,Q1,Sunday,13.82
ORD00059,2023-08-03,Mi Tv 4K,Tvs,2,57400.0,7702.53,North,CUST1026,2023,8,Aug,Aug-2023,Q3,Thursday,13.42
ORD00060,2023-04-15,Lg Oled,Tvs,2,54400.0,8580.85,East,CUST1004,2023,4,Apr,Apr-2023,Q2,Saturday,15.77
ORD00061,2023-08-05,Asus Vivobook,Laptops,2,218400.0,50585.98,North,CUST1036,2023,8,Aug,Aug-2023,Q3,Saturday,23.16
ORD00062,2023-04-09,Asus Vivobook,Laptops,1,102500.0,19104.84,West,CUST1036,2023,4,Apr,Apr-2023,Q2,Sunday,18.64
ORD00063,2023-10-06,Dell Xps 13,Laptops,5,331000.0,66854.29,North,CUST1035,2023,10,Oct,Oct-2023,Q4,Friday,20.2
ORD00064,2023-12-08,Iphone 13,Phones,1,47800.0,8564.56,North,CUST1019,2023,12,Dec,Dec-2023,Q4,Friday,17.92
ORD00065,2023-09-22,Redmi Note 11,Phones,4,309200.0,56168.4,East,CUST1028,2023,9,Sep,Sep-2023,Q3,Friday,18.17
ORD00066,2023-04-09,Phone Case,Accessories,2,6600.0,2571.95,West,CUST1025,2023,4,Apr,Apr-2023,Q2,Sunday,38.97
ORD00067,2023-02-26,Phone Case,Accessories,5,19500.0,8937.16,East,CUST1045,2023,2,Feb,Feb-2023,Q1,Sunday,45.83
ORD00068,2023-05-13,Lg Oled,Tvs,2,61000.0,7682.55,East,CUST1023,2023,5,May,May-2023,Q2,Saturday,12.59
ORD00069,2023-03-15,Samsung Qled,Tvs,3,108300.0,8356.32,South,CUST1044,2023,3,Mar,Mar-2023,Q1,Wednesday,7.72
ORD00070,2023-10-10,Vivo V23,Phones,5,147500.0,18820.73,South,CUST1002,2023,10,Oct,Oct-2023,Q4,Tuesday,12.76
ORD00071,2023-12-31,Oneplus Tv,Tvs,5,236000.0,30622.57,North,CUST1022,2023,12,Dec,Dec-2023,Q4,Sunday,12.98
ORD00072,2023-09-09,Charger 65W,Accessories,1,3200.0,1184.14,East,CUST1019,2023,9,Sep,Sep-2023,Q3,Saturday,37.0
ORD00073,2023-05-06,Mi Tv 4K,Tvs,3,145800.0,14526.1,East,CUST1045,2023,5,May,May-2023,Q2,Saturday,9.96
ORD00074,2023-11-13,Lg Oled,Tvs,4,317200.0,47236.43,East,CUST1041,2023,11,Nov,Nov-2023,Q4,Monday,14.89
ORD00075,2023-11-08,Oneplus 10,Phones,5,152000.0,19460.07,North,CUST1038,2023,11,Nov,Nov-2023,Q4,Wednesday,12.8
ORD00076,2023-10-30,Lg Oled,Tvs,4,471600.0,59761.44,North,CUST1016,2023,10,Oct,Oct-2023,Q4,Monday,12.67
ORD00077,2023-01-20,Samsung Qled,Tvs,4,128000.0,16187.2,North,CUST1018,2023,1,Jan,Jan-2023,Q1,Friday,12.65
ORD00078,2023-05-24,Iphone 13,Phones,1,55800.0,8376.57,East,CUST1011,2023,5,May,May-2023,Q2,Wednesday,15.01
ORD00079,2023-05-02,Wireless Earbuds,Accessories,4,4000.0,1468.53,West,CUST1036,2023,5,May,May-2023,Q2,Tuesday,36.71
ORD00080,2023-02-10,Macbook Air,Laptops,4,416800.0,46539.97,West,CUST1027,2023,2,Feb,Feb-2023,Q1,Friday,11.17
ORD00081,2023-08-28,Iphone 13,Phones,1,41700.0,6352.32,North,CUST1013,2023,8,Aug,Aug-2023,Q3,Monday,15.23
ORD00082,2023-01-10,Realme Pad,Tablets,2,59800.0,9649.49,West,CUST1030,2023,1,Jan,Jan-2023,Q1,Tuesday,16.14
ORD00083,2023-03-06,Hp Pavilion,Laptops,5,290500.0,46970.44,South,CUST1032,2023,3,Mar,Mar-2023,Q1,Monday,16.17
ORD00084,2023-11-11,Oneplus 10,Phones,5,318500.0,40500.06,East,CUST1049,2023,11,Nov,Nov-2023,Q4,Saturday,12.72
ORD00085,2023-11-07,Sony Bravia,Tvs,2,57000.0,4335.55,South,CUST1028,2023,11,Nov,Nov-2023,Q4,Tuesday,7.61
ORD00086,2023-02-22,Vivo V23,Phones,5,399000.0,58514.07,North,CUST1010,2023,2,Feb,Feb-2023,Q1,Wednesday,14.67
ORD00087,2023-01-01,Hp Pavilion,Laptops,1,66500.0,8695.33,East,CUST1045,2023,1,Jan,Jan-2023,Q1,Sunday,13.08
ORD00088,2023-12-14,Mi Tv 4K,Tvs,1,88800.0,11914.77,East,CUST1008,2023,12,Dec,Dec-2023,Q4,Thursday,13.42
ORD00089,2023-11-02,Macbook Air,Laptops,2,184800.0,41525.62,West,CUST1001,2023,11,Nov,Nov-2023,Q4,Thursday,22.47
ORD00090,2023-10-30,Usb Hub,Accessories,3,6900.0,2254.94,East,CUST1015,2023,10,Oct,Oct-2023,Q4,Monday,32.68
ORD00091,2023-07-11,Oneplus Tv,Tvs,2,203000.0,34180.76,West,CUST1034,2023,7,Jul,Jul-2023,Q3,Tuesday,16.84
ORD00092,2023-11-04,Macbook Air,Laptops,2,166200.0,27526.25,North,CUST1038,2023,11,Nov,Nov-2023,Q4,Saturday,16.56
ORD00093,2023-05-18,Redmi Note 11,Phones,2,142200.0,27578.62,West,CUST1017,2023,5,May,May-2023,Q2,Thursday,19.39
ORD00094,2023-09-19,Dell Xps 13,Laptops,4,189200.0,20221.54,North,CUST1002,2023,9,Sep,Sep-2023,Q3,Tuesday,10.69
ORD00095,2023-09-06,Samsung Qled,Tvs,3,143400.0,9909.46,East,CUST1016,2023,9,Sep,Sep-2023,Q3,Wednesday,6.91
ORD00096,2023-07-14,Oneplus Pad,Tablets,4,107600.0,22117.22,East,CUST1029,2023,7,Jul,Jul-2023,Q3,Friday,20.56
ORD00097,2023-04-02,Asus Vivobook,Laptops,2,129200.0,28846.3,South,CUST1022,2023,4,Apr,Apr-2023,Q2,Sunday,22.33
ORD00098,2023-02-03,Sony Bravia,Tvs,5,344000.0,29157.46,North,CUST1014,2023,2,Feb,Feb-2023,Q1,Friday,8.48
ORD00099,2023-05-01,Asus Vivobook,Laptops,3,132900.0,29226.25,South,CUST1047,2023,5,May,May-2023,Q2,Monday,21.99
ORD00100,2023-04-23,Realme Pad,Tablets,1,23900.0,4609.55,East,CUST1015,2023,4,Apr,Apr-2023,Q2,Sunday,19.29
ORD00101,2023-11-08,Lenovo Ideapad,Laptops,2,244400.0,25784.81,East,CUST1007,2023,11,Nov,Nov-2023,Q4,Wednesday,10.55
ORD00102,2023-08-15,Lenovo Tab P11,Tablets,4,66400.0,9471.15,East,CUST1015,2023,8,Aug,Aug-2023,Q3,Tuesday,14.26
ORD00103,2023-08-19,Vivo V23,Phones,4,65200.0,7735.95,South,CUST1026,2023,8,Aug,Aug-2023,Q3,Saturday,11.86
ORD00104,2023-03-08,Charger 65W,Accessories,1,2000.0,789.59,North,CUST1045,2023,3,Mar,Mar-2023,Q1,Wednesday,39.48
ORD00105,2023-08-24,Lenovo Ideapad,Laptops,2,202800.0,38122.41,East,CUST1042,2023,8,Aug,Aug-2023,Q3,Thursday,18.8
ORD00106,2023-11-11,Vivo V23,Phones,4,228000.0,33856.49,North,CUST1006,2023,11,Nov,Nov-2023,Q4,Saturday,14.85
ORD00107,2023-03-11,Sony Bravia,Tvs,1,25700.0,2236.93,East,CUST1048,2023,3,Mar,Mar-2023,Q1,Saturday,8.7
ORD00108,2023-02-09,Phone Case,Accessories,1,900.0,364.41,North,CUST1036,2023,2,Feb,Feb-2023,Q1,Thursday,40.49
ORD00109,2023-04-28,Lenovo Ideapad,Laptops,4,563600.0,56808.06,North,CUST1030,2023,4,Apr,Apr-2023,Q2,Friday,10.08
ORD00110,2023-06-22,Ipad Air,Tablets,2,71800.0,11489.85,West,CUST1005,2023,6,Jun,Jun-2023,Q2,Thursday,16.0
ORD00111,2023-05-20,Lenovo Ideapad,Laptops,3,185700.0,39078.17,East,CUST1001,2023,5,May,May-2023,Q2,Saturday,21.04
ORD00112,2023-09-16,Asus Vivobook,Laptops,3,427500.0,63311.18,North,CUST1006,2023,9,Sep,Sep-2023,Q3,Saturday,14.81
ORD00113,2023-01-13,Macbook Air,Laptops,5,235000.0,58396.1,West,CUST1002,2023,1,Jan,Jan-2023,Q1,Friday,24.85
ORD00114,2023-02-07,Charger 65W,Accessories,5,2500.0,808.35,East,CUST1035,2023,2,Feb,Feb-2023,Q1,Tuesday,32.33
ORD00115,2023-05-17,Vivo V23,Phones,4,310800.0,29499.79,South,CUST1012,2023,5,May,May-2023,Q2,Wednesday,9.49
ORD00116,2023-11-16,Lenovo Tab P11,Tablets,1,43900.0,7042.71,North,CUST1008,2023,11,Nov,Nov-2023,Q4,Thursday,16.04
ORD00117,2023-08-01,Ipad Air,Tablets,5,103500.0,10651.37,North,CUST1005,2023,8,Aug,Aug-2023,Q3,Tuesday,10.29
ORD00118,2023-02-11,Lenovo Tab P11,Tablets,2,102000.0,12675.29,North,CUST1018,2023,2,Feb,Feb-2023,Q1,Saturday,12.43
ORD00119,2023-06-02,Realme Pad,Tablets,1,44100.0,6631.8,North,CUST1033,2023,6,Jun,Jun-2023,Q2,Friday,15.04
ORD00120,2023-03-08,Asus Vivobook,Laptops,3,299100.0,49270.51,East,CUST1008,2023,3,Mar,Mar-2023,Q1,Wednesday,16.47
ORD00121,2023-06-06,Lenovo Ideapad,Laptops,5,472500.0,99801.04,South,CUST1033,2023,6,Jun,Jun-2023,Q2,Tuesday,21.12
ORD00122,2023-03-27,Oneplus Tv,Tvs,3,287100.0,18381.26,South,CUST1010,2023,3,Mar,Mar-2023,Q1,Monday,6.4
ORD00123,2023-06-08,Samsung Qled,Tvs,2,115000.0,18233.35,East,CUST1036,2023,6,Jun,Jun-2023,Q2,Thursday,15.86
ORD00124,2023-11-20,Mi Tv 4K,Tvs,5,381500.0,45155.45,West,CUST1045,2023,11,Nov,Nov-2023,Q4,Monday,11.84
ORD00125,2023-10-26,Hp Pavilion,Laptops,3,348900.0,63293.48,East,CUST1005,2023,10,Oct,Oct-2023,Q4,Thursday,18.14
ORD00126,2023-01-23,Phone Case,Accessories,2,4000.0,1381.88,East,CUST1026,2023,1,Jan,Jan-2023,Q1,Monday,34.55
ORD00127,2023-04-21,Oneplus Pad,Tablets,2,74400.0,11221.34,West,CUST1043,2023,4,Apr,Apr-2023,Q2,Friday,15.08
ORD00128,2023-10-20,Screen Guard,Accessories,4,18400.0,8427.51,West,CUST1042,2023,10,Oct,Oct-2023,Q4,Friday,45.8
ORD00129,2023-10-23,Redmi Note 11,Phones,2,39000.0,3481.86,North,CUST1022,2023,10,Oct,Oct-2023,Q4,Monday,8.93
ORD00130,2023-07-01,Ipad Air,Tablets,5,271500.0,53606.52,East,CUST1001,2023,7,Jul,Jul-2023,Q3,Saturday,19.74
ORD00131,2023-11-09,Realme Pad,Tablets,1,44000.0,4786.37,North,CUST1026,2023,11,Nov,Nov-2023,Q4,Thursday,10.88
ORD00132,2023-07-29,Oneplus 10,Phones,4,199600.0,38000.38,East,CUST1034,2023,7,Jul,Jul-2023,Q3,Saturday,19.04
ORD00133,2023-07-01,Ipad Air,Tablets,3,40200.0,8352.95,West,CUST1025,2023,7,Jul,Jul-2023,Q3,Saturday,20.78
ORD00134,2023-05-30,Usb Hub,Accessories,1,2100.0,873.85,South,CUST1028,2023,5,May,May-2023,Q2,Tuesday,41.61
ORD00135,2023-06-26,Asus Vivobook,Laptops,1,59600.0,14551.97,West,CUST1022,2023,6,Jun,Jun-2023,Q2,Monday,24.42
ORD00136,2023-08-03,Usb Hub,Accessories,1,1800.0,651.58,East,CUST1019,2023,8,Aug,Aug-2023,Q3,Thursday,36.2
ORD00137,2023-01-19,Sony Bravia,Tvs,5,304500.0,48838.08,South,CUST1001,2023,1,Jan,Jan-2023,Q1,Thursday,16.04
ORD00138,2023-08-10,Samsung Tab S7,Tablets,2,70000.0,10314.66,South,CUST1004,2023,8,Aug,Aug-2023,Q3,Thursday,14.74
ORD00139,2023-06-11,Vivo V23,Phones,3,117900.0,13262.5,West,CUST1033,2023,6,Jun,Jun-2023,Q2,Sunday,11.25
ORD00140,2023-11-19,Wireless Earbuds,Accessories,5,11500.0,4718.96,West,CUST1023,2023,11,Nov,Nov-2023,Q4,Sunday,41.03
ORD00141,2023-04-07,Realme Pad,Tablets,1,46400.0,4871.83,West,CUST1047,2023,4,Apr,Apr-2023,Q2,Friday,10.5
ORD00142,2023-07-01,Hp Pavilion,Laptops,3,437700.0,105775.22,North,CUST1014,2023,7,Jul,Jul-2023,Q3,Saturday,24.17
ORD00143,2023-02-05,Macbook Air,Laptops,1,62900.0,6540.33,North,CUST1018,2023,2,Feb,Feb-2023,Q1,Sunday,10.4
ORD00144,2023-07-14,Dell Xps 13,Laptops,5,388000.0,53898.44,East,CUST1012,2023,7,Jul,Jul-2023,Q3,Friday,13.89
ORD00145,2023-08-14,Usb Hub,Accessories,5,11500.0,4719.71,North,CUST1044,2023,8,Aug,Aug-2023,Q3,Monday,41.04
ORD00146,2023-07-21,Oneplus Pad,Tablets,2,89600.0,8925.58,South,CUST1046,2023,7,Jul,Jul-2023,Q3,Friday,9.96
ORD00147,2023-08-25,Samsung S22,Phones,3,144900.0,24488.45,North,CUST1039,2023,8,Aug,Aug-2023,Q3,Friday,16.9
ORD00148,2023-04-08,Oneplus 10,Phones,4,94400.0,17753.68,East,CUST1037,2023,4,Apr,Apr-2023,Q2,Saturday,18.81
ORD00149,2023-02-03,Samsung Tab S7,Tablets,5,235000.0,35187.19,North,CUST1037,2023,2,Feb,Feb-2023,Q1,Friday,14.97
ORD00150,2023-01-27,Samsung S22,Phones,4,113600.0,9237.9,North,CUST1031,2023,1,Jan,Jan-2023,Q1,Friday,8.13
ORD00151,2023-06-22,Samsung Tab S7,Tablets,4,156800.0,23394.3,North,CUST1026,2023,6,Jun,Jun-2023,Q2,Thursday,14.92
ORD00152,2023-11-06,Mi Tv 4K,Tvs,2,130200.0,13340.89,East,CUST1001,2023,11,Nov,Nov-2023,Q4,Monday,10.25
ORD00153,2023-09-24,Realme Pad,Tablets,4,180800.0,16191.54,West,CUST1011,2023,9,Sep,Sep-2023,Q3,Sunday,8.96
ORD00154,2023-04-08,Charger 65W,Accessories,3,5400.0,2231.72,East,CUST1047,2023,4,Apr,Apr-2023,Q2,Saturday,41.33
ORD00155,2023-08-15,Sony Bravia,Tvs,2,56000.0,5122.41,West,CUST1043,2023,8,Aug,Aug-2023,Q3,Tuesday,9.15
ORD00156,2023-03-14,Oneplus 10,Phones,5,125500.0,19427.39,North,CUST1040,2023,3,Mar,Mar-2023,Q1,Tuesday,15.48
ORD00157,2023-01-25,Iphone 13,Phones,1,60800.0,9229.1,East,CUST1035,2023,1,Jan,Jan-2023,Q1,Wednesday,15.18
ORD00158,2023-04-12,Samsung Tab S7,Tablets,5,60500.0,13036.41,South,CUST1012,2023,4,Apr,Apr-2023,Q2,Wednesday,21.55
ORD00159,2023-01-17,Realme Pad,Tablets,4,186800.0,40104.81,South,CUST1049,2023,1,Jan,Jan-2023,Q1,Tuesday,21.47
ORD00160,2023-07-17,Phone Case,Accessories,5,19500.0,8674.0,West,CUST1025,2023,7,Jul,Jul-2023,Q3,Monday,44.48
ORD00161,2023-12-31,Dell Xps 13,Laptops,4,257200.0,63824.23,South,CUST1047,2023,12,Dec,Dec-2023,Q4,Sunday,24.82
ORD00162,2023-09-27,Dell Xps 13,Laptops,2,205000.0,48651.27,East,CUST1007,2023,9,Sep,Sep-2023,Q3,Wednesday,23.73
ORD00163,2023-08-11,Oneplus 10,Phones,2,84800.0,14877.4,South,CUST1039,2023,8,Aug,Aug-2023,Q3,Friday,17.54
ORD00164,2023-06-08,Samsung Tab S7,Tablets,3,142800.0,12163.86,West,CUST1035,2023,6,Jun,Jun-2023,Q2,Thursday,8.52
ORD00165,2023-07-02,Screen Guard,Accessories,5,4000.0,1757.03,East,CUST1044,2023,7,Jul,Jul-2023,Q3,Sunday,43.93
ORD00166,2023-06-10,Redmi Note 11,Phones,5,290000.0,48877.38,West,CUST1045,2023,6,Jun,Jun-2023,Q2,Saturday,16.85
ORD00167,2023-09-08,Lenovo Ideapad,Laptops,2,85400.0,19685.97,East,CUST1013,2023,9,Sep,Sep-2023,Q3,Friday,23.05
ORD00168,2023-01-29,Lg Oled,Tvs,3,95100.0,5814.25,South,CUST1049,2023,1,Jan,Jan-2023,Q1,Sunday,6.11
ORD00169,2023-08-27,Oneplus Tv,Tvs,4,338400.0,55782.28,North,CUST1010,2023,8,Aug,Aug-2023,Q3,Sunday,16.48
ORD00170,2023-05-22,Redmi Note 11,Phones,5,313000.0,25165.69,West,CUST1030,2023,5,May,May-2023,Q2,Monday,8.04
ORD00171,2023-07-12,Lenovo Ideapad,Laptops,2,131400.0,13969.66,North,CUST1046,2023,7,Jul,Jul-2023,Q3,Wednesday,10.63
ORD00172,2023-10-20,Iphone 13,Phones,1,59200.0,6286.48,North,CUST1037,2023,10,Oct,Oct-2023,Q4,Friday,10.62
ORD00173,2023-07-18,Oneplus Pad,Tablets,3,152700.0,33362.8,West,CUST1004,2023,7,Jul,Jul-2023,Q3,Tuesday,21.85
ORD00174,2023-11-26,Oneplus Pad,Tablets,5,199500.0,32934.09,East,CUST1034,2023,11,Nov,Nov-2023,Q4,Sunday,16.51
ORD00175,2023-09-19,Samsung S22,Phones,1,27100.0,4703.21,North,CUST1005,2023,9,Sep,Sep-2023,Q3,Tuesday,17.36
ORD00176,2023-06-27,Iphone 13,Phones,3,161400.0,23080.81,South,CUST1017,2023,6,Jun,Jun-2023,Q2,Tuesday,14.3
ORD00177,2023-11-25,Lenovo Tab P11,Tablets,5,108000.0,16759.05,West,CUST1014,2023,11,Nov,Nov-2023,Q4,Saturday,15.52
ORD00178,2023-01-29,Lg Oled,Tvs,3,325200.0,29876.78,North,CUST1003,2023,1,Jan,Jan-2023,Q1,Sunday,9.19
ORD00179,2023-01-25,Samsung S22,Phones,4,69200.0,8268.44,North,CUST1011,2023,1,Jan,Jan-2023,Q1,Wednesday,11.95
ORD00180,2023-06-25,Samsung Tab S7,Tablets,4,112000.0,13032.94,South,CUST1018,2023,6,Jun,Jun-2023,Q2,Sunday,11.64
ORD00181,2023-04-24,Mi Tv 4K,Tvs,5,550000.0,98437.37,West,CUST1045,2023,4,Apr,Apr-2023,Q2,Monday,17.9
ORD00182,2023-02-09,Samsung Qled,Tvs,2,158600.0,22117.32,East,CUST1013,2023,2,Feb,Feb-2023,Q1,Thursday,13.95
ORD00183,2023-02-28,Sony Bravia,Tvs,3,322500.0,28842.55,East,CUST1048,2023,2,Feb,Feb-2023,Q1,Tuesday,8.94
ORD00184,2023-12-22,Vivo V23,Phones,3,91500.0,17532.39,East,CUST1027,2023,12,Dec,Dec-2023,Q4,Friday,19.16
ORD00185,2023-01-31,Usb Hub,Accessories,3,14400.0,5660.55,East,CUST1042,2023,1,Jan,Jan-2023,Q1,Tuesday,39.31
ORD00186,2023-12-22,Hp Pavilion,Laptops,5,609000.0,75585.42,South,CUST1014,2023,12,Dec,Dec-2023,Q4,Friday,12.41
ORD00187,2023-02-15,Oneplus Tv,Tvs,4,102400.0,9671.12,East,CUST1049,2023,2,Feb,Feb-2023,Q1,Wednesday,9.44
ORD00188,2023-06-12,Iphone 13,Phones,2,112400.0,16275.32,West,CUST1006,2023,6,Jun,Jun-2023,Q2,Monday,14.48
ORD00189,2023-03-01,Samsung Tab S7,Tablets,1,53400.0,6827.84,East,CUST1030,2023,3,Mar,Mar-2023,Q1,Wednesday,12.79
ORD00190,2023-11-20,Oneplus Tv,Tvs,4,166000.0,25315.41,East,CUST1017,2023,11,Nov,Nov-2023,Q4,Monday,15.25
ORD00191,2023-04-30,Charger 65W,Accessories,2,5200.0,1620.24,East,CUST1018,2023,4,Apr,Apr-2023,Q2,Sunday,31.16
ORD00192,2023-01-07,Asus Vivobook,Laptops,4,490000.0,58561.34,North,CUST1011,2023,1,Jan,Jan-2023,Q1,Saturday,11.95
ORD00193,2023-08-14,Oneplus 10,Phones,3,178200.0,23791.18,North,CUST1004,2023,8,Aug,Aug-2023,Q3,Monday,13.35
ORD00194,2023-10-12,Oneplus 10,Phones,5,352500.0,50493.12,North,CUST1011,2023,10,Oct,Oct-2023,Q4,Thursday,14.32
ORD00195,2023-12-03,Wireless Earbuds,Accessories,4,13600.0,4823.27,South,CUST1044,2023,12,Dec,Dec-2023,Q4,Sunday,35.47
ORD00196,2023-03-25,Usb Hub,Accessories,5,23000.0,10843.86,South,CUST1019,2023,3,Mar,Mar-2023,Q1,Saturday,47.15
ORD00197,2023-01-15,Vivo V23,Phones,3,105900.0,12548.0,South,CUST1035,2023,1,Jan,Jan-2023,Q1,Sunday,11.85
ORD00198,2023-01-27,Iphone 13,Phones,4,206400.0,28190.92,West,CUST1046,2023,1,Jan,Jan-2023,Q1,Friday,13.66
ORD00199,2023-06-23,Iphone 13,Phones,5,327500.0,56497.23,South,CUST1007,2023,6,Jun,Jun-2023,Q2,Friday,17.25
ORD00200,2023-02-15,Realme Pad,Tablets,4,53600.0,11198.04,East,CUST1025,2023,2,Feb,Feb-2023,Q1,Wednesday,20.89
ORD00201,2023-11-15,Redmi Note 11,Phones,4,172000.0,17898.83,South,CUST1002,2023,11,Nov,Nov-2023,Q4,Wednesday,10.41
ORD00202,2023-11-16,Realme Pad,Tablets,1,12500.0,1126.78,South,CUST1046,2023,11,Nov,Nov-2023,Q4,Thursday,9.01
ORD00203,2023-09-24,Realme Pad,Tablets,1,49000.0,9269.78,South,CUST1024,2023,9,Sep,Sep-2023,Q3,Sunday,18.92
ORD00204,2023-03-21,Iphone 13,Phones,4,316400.0,30722.27,South,CUST1022,2023,3,Mar,Mar-2023,Q1,Tuesday,9.71
ORD00205,2023-12-19,Screen Guard,Accessories,1,3000.0,905.86,South,CUST1033,2023,12,Dec,Dec-2023,Q4,Tuesday,30.2
ORD00206,2023-06-03,Iphone 13,Phones,5,102000.0,18252.05,South,CUST1039,2023,6,Jun,Jun-2023,Q2,Saturday,17.89
ORD00207,2023-11-01,Macbook Air,Laptops,2,256200.0,33311.77,West,CUST1011,2023,11,Nov,Nov-2023,Q4,Wednesday,13.0
ORD00208,2023-12-25,Samsung Qled,Tvs,3,84000.0,14477.02,East,CUST1032,2023,12,Dec,Dec-2023,Q4,Monday,17.23
ORD00209,2023-11-14,Samsung S22,Phones,4,286400.0,47453.74,West,CUST1047,2023,11,Nov,Nov-2023,Q4,Tuesday,16.57
ORD00210,2023-01-22,Lenovo Tab P11,Tablets,4,143200.0,23434.2,South,CUST1003,2023,1,Jan,Jan-2023,Q1,Sunday,16.36
ORD00211,2023-01-12,Redmi Note 11,Phones,2,87000.0,14527.19,East,CUST1012,2023,1,Jan,Jan-2023,Q1,Thursday,16.7
ORD00212,2023-08-26,Sony Bravia,Tvs,5,417500.0,41533.77,West,CUST1045,2023,8,Aug,Aug-2023,Q3,Saturday,9.95
ORD00213,2023-07-30,Oneplus Tv,Tvs,3,121200.0,7575.4,South,CUST1037,2023,7,Jul,Jul-2023,Q3,Sunday,6.25
ORD00214,2023-04-03,Oneplus 10,Phones,3,60900.0,7819.03,South,CUST1015,2023,4,Apr,Apr-2023,Q2,Monday,12.84
ORD00215,2023-01-24,Redmi Note 11,Phones,1,71400.0,11942.38,West,CUST1037,2023,1,Jan,Jan-2023,Q1,Tuesday,16.73
ORD00216,2023-02-19,Screen Guard,Accessories,4,16000.0,6415.5,North,CUST1032,2023,2,Feb,Feb-2023,Q1,Sunday,40.1
ORD00217,2023-03-07,Redmi Note 11,Phones,2,124200.0,17189.31,East,CUST1034,2023,3,Mar,Mar-2023,Q1,Tuesday,13.84
ORD00218,2023-09-25,Wireless Earbuds,Accessories,3,9600.0,4631.74,East,CUST1045,2023,9,Sep,Sep-2023,Q3,Monday,48.25
ORD00219,2023-08-28,Asus Vivobook,Laptops,1,54500.0,11301.87,South,CUST1023,2023,8,Aug,Aug-2023,Q3,Monday,20.74
ORD00220,2023-02-10,Lenovo Ideapad,Laptops,2,119800.0,27333.3,South,CUST1047,2023,2,Feb,Feb-2023,Q1,Friday,22.82
ORD00221,2023-12-11,Redmi Note 11,Phones,2,42400.0,6710.0,North,CUST1028,2023,12,Dec,Dec-2023,Q4,Monday,15.83
ORD00222,2023-06-13,Hp Pavilion,Laptops,5,205000.0,38593.69,North,CUST1023,2023,6,Jun,Jun-2023,Q2,Tuesday,18.83
ORD00223,2023-04-03,Samsung Tab S7,Tablets,3,93000.0,11748.18,South,CUST1012,2023,4,Apr,Apr-2023,Q2,Monday,12.63
ORD00224,2023-01-01,Iphone 13,Phones,5,156000.0,24032.95,North,CUST1020,2023,1,Jan,Jan-2023,Q1,Sunday,15.41
ORD00225,2023-06-14,Charger 65W,Accessories,3,11400.0,4933.47,North,CUST1049,2023,6,Jun,Jun-2023,Q2,Wednesday,43.28
ORD00226,2023-11-30,Screen Guard,Accessories,4,11600.0,3559.32,South,CUST1009,2023,11,Nov,Nov-2023,Q4,Thursday,30.68
ORD00227,2023-07-17,Mi Tv 4K,Tvs,2,57400.0,4285.09,North,CUST1005,2023,7,Jul,Jul-2023,Q3,Monday,7.47
ORD00228,2023-06-30,Iphone 13,Phones,3,53100.0,5193.24,South,CUST1024,2023,6,Jun,Jun-2023,Q2,Friday,9.78
ORD00229,2023-02-08,Lenovo Tab P11,Tablets,2,51800.0,11200.9,East,CUST1047,2023,2,Feb,Feb-2023,Q1,Wednesday,21.62
ORD00230,2023-05-06,Samsung Tab S7,Tablets,4,139600.0,13625.49,North,CUST1016,2023,5,May,May-2023,Q2,Saturday,9.76
ORD00231,2023-05-09,Macbook Air,Laptops,4,456400.0,112040.18,East,CUST1008,2023,5,May,May-2023,Q2,Tuesday,24.55
ORD00232,2023-04-24,Oneplus Tv,Tvs,2,175800.0,31193.21,South,CUST1017,2023,4,Apr,Apr-2023,Q2,Monday,17.74
ORD00233,2023-10-16,Dell Xps 13,Laptops,4,209600.0,45970.85,North,CUST1019,2023,10,Oct,Oct-2023,Q4,Monday,21.93
ORD00234,2023-07-11,Oneplus Tv,Tvs,1,35100.0,4876.84,South,CUST1009,2023,7,Jul,Jul-2023,Q3,Tuesday,13.89
ORD00235,2023-03-18,Iphone 13,Phones,1,71600.0,12450.26,East,CUST1041,2023,3,Mar,Mar-2023,Q1,Saturday,17.39
ORD00236,2023-04-12,Oneplus Pad,Tablets,2,58800.0,7396.14,East,CUST1006,2023,4,Apr,Apr-2023,Q2,Wednesday,12.58
ORD00237,2023-11-27,Macbook Air,Laptops,5,639000.0,105650.66,North,CUST1024,2023,11,Nov,Nov-2023,Q4,Monday,16.53
ORD00238,2023-11-12,Vivo V23,Phones,1,38800.0,4948.58,North,CUST1025,2023,11,Nov,Nov-2023,Q4,Sunday,12.75
ORD00239,2023-09-24,Iphone 13,Phones,1,43900.0,3589.27,East,CUST1008,2023,9,Sep,Sep-2023,Q3,Sunday,8.18
ORD00240,2023-10-31,Macbook Air,Laptops,1,81800.0,18773.1,South,CUST1006,2023,10,Oct,Oct-2023,Q4,Tuesday,22.95
ORD00241,2023-10-31,Usb Hub,Accessories,5,10000.0,3760.39,North,CUST1015,2023,10,Oct,Oct-2023,Q4,Tuesday,37.6
ORD00242,2023-12-30,Screen Guard,Accessories,3,11700.0,5412.39,East,CUST1043,2023,12,Dec,Dec-2023,Q4,Saturday,46.26
ORD00243,2023-05-04,Oneplus Tv,Tvs,3,77100.0,10616.44,East,CUST1025,2023,5,May,May-2023,Q2,Thursday,13.77
ORD00244,2023-10-02,Phone Case,Accessories,3,2400.0,1168.53,South,CUST1014,2023,10,Oct,Oct-2023,Q4,Monday,48.69
ORD00245,2023-08-27,Mi Tv 4K,Tvs,5,260500.0,25235.88,West,CUST1035,2023,8,Aug,Aug-2023,Q3,Sunday,9.69
ORD00246,2023-03-31,Lenovo Ideapad,Laptops,2,168000.0,41413.48,North,CUST1030,2023,3,Mar,Mar-2023,Q1,Friday,24.65
ORD00247,2023-11-08,Oneplus Pad,Tablets,2,92800.0,9822.13,North,CUST1042,2023,11,Nov,Nov-2023,Q4,Wednesday,10.58
ORD00248,2023-11-06,Lg Oled,Tvs,4,261200.0,18400.15,North,CUST1044,2023,11,Nov,Nov-2023,Q4,Monday,7.04
ORD00249,2023-10-04,Lg Oled,Tvs,3,75600.0,10323.8,South,CUST1028,2023,10,Oct,Oct-2023,Q4,Wednesday,13.66
ORD00250,2023-05-01,Samsung S22,Phones,1,57000.0,5755.45,North,CUST1042,2023,5,May,May-2023,Q2,Monday,10.1
ORD00251,2023-01-19,Samsung S22,Phones,3,197100.0,22267.71,West,CUST1039,2023,1,Jan,Jan-2023,Q1,Thursday,11.3
ORD00252,2023-08-30,Dell Xps 13,Laptops,2,248600.0,30442.46,North,CUST1047,2023,8,Aug,Aug-2023,Q3,Wednesday,12.25
ORD00253,2023-05-30,Oneplus 10,Phones,4,284400.0,30148.9,West,CUST1037,2023,5,May,May-2023,Q2,Tuesday,10.6
ORD00254,2023-09-11,Oneplus Pad,Tablets,3,66000.0,8891.97,North,CUST1002,2023,9,Sep,Sep-2023,Q3,Monday,13.47
ORD00255,2023-06-16,Realme Pad,Tablets,2,58800.0,8228.94,North,CUST1049,2023,6,Jun,Jun-2023,Q2,Friday,13.99
ORD00256,2023-10-15,Oneplus Pad,Tablets,3,113700.0,14463.98,East,CUST1045,2023,10,Oct,Oct-2023,Q4,Sunday,12.72
ORD00257,2023-12-19,Usb Hub,Accessories,1,3200.0,1216.76,East,CUST1006,2023,12,Dec,Dec-2023,Q4,Tuesday,38.02
ORD00258,2023-01-05,Redmi Note 11,Phones,5,243500.0,21455.64,West,CUST1027,2023,1,Jan,Jan-2023,Q1,Thursday,8.81
ORD00259,2023-09-16,Lg Oled,Tvs,3,226800.0,22435.07,South,CUST1006,2023,9,Sep,Sep-2023,Q3,Saturday,9.89
ORD00260,2023-10-13,Lenovo Ideapad,Laptops,2,159800.0,39841.67,West,CUST1008,2023,10,Oct,Oct-2023,Q4,Friday,24.93
ORD00261,2023-10-30,Wireless Earbuds,Accessories,4,19200.0,8198.25,North,CUST1016,2023,10,Oct,Oct-2023,Q4,Monday,42.7
ORD00262,2023-01-03,Dell Xps 13,Laptops,4,312800.0,62477.66,West,CUST1030,2023,1,Jan,Jan-2023,Q1,Tuesday,19.97
ORD00263,2023-12-26,Mi Tv 4K,Tvs,3,118500.0,21223.12,West,CUST1044,2023,12,Dec,Dec-2023,Q4,Tuesday,17.91
ORD00264,2023-08-19,Iphone 13,Phones,5,105000.0,11638.8,West,CUST1033,2023,8,Aug,Aug-2023,Q3,Saturday,11.08
ORD00265,2023-05-31,Mi Tv 4K,Tvs,4,369200.0,23754.05,South,CUST1045,2023,5,May,May-2023,Q2,Wednesday,6.43
ORD00266,2023-11-27,Dell Xps 13,Laptops,5,390500.0,53052.67,East,CUST1023,2023,11,Nov,Nov-2023,Q4,Monday,13.59
ORD00267,2023-05-23,Lenovo Ideapad,Laptops,2,193400.0,46011.56,South,CUST1037,2023,5,May,May-2023,Q2,Tuesday,23.79
ORD00268,2023-03-23,Wireless Earbuds,Accessories,4,18800.0,6077.54,North,CUST1035,2023,3,Mar,Mar-2023,Q1,Thursday,32.33
ORD00269,2023-06-12,Hp Pavilion,Laptops,4,520400.0,77216.53,South,CUST1027,2023,6,Jun,Jun-2023,Q2,Monday,14.84
ORD00270,2023-09-23,Hp Pavilion,Laptops,2,290600.0,54038.88,North,CUST1002,2023,9,Sep,Sep-2023,Q3,Saturday,18.6
ORD00271,2023-04-20,Vivo V23,Phones,1,75000.0,10383.56,West,CUST1046,2023,4,Apr,Apr-2023,Q2,Thursday,13.84
ORD00272,2023-05-21,Mi Tv 4K,Tvs,3,346500.0,55101.85,North,CUST1034,2023,5,May,May-2023,Q2,Sunday,15.9
ORD00273,2023-01-12,Lg Oled,Tvs,4,151200.0,26546.76,West,CUST1032,2023,1,Jan,Jan-2023,Q1,Thursday,17.56
ORD00274,2023-06-09,Usb Hub,Accessories,4,10000.0,3211.33,North,CUST1043,2023,6,Jun,Jun-2023,Q2,Friday,32.11
ORD00275,2023-09-23,Lenovo Ideapad,Laptops,3,247500.0,45704.88,North,CUST1002,2023,9,Sep,Sep-2023,Q3,Saturday,18.47
ORD00276,2023-03-24,Samsung Tab S7,Tablets,5,193000.0,23474.53,North,CUST1035,2023,3,Mar,Mar-2023,Q1,Friday,12.16
ORD00277,2023-03-21,Sony Bravia,Tvs,4,215200.0,15521.41,West,CUST1033,2023,3,Mar,Mar-2023,Q1,Tuesday,7.21
ORD00278,2023-08-09,Screen Guard,Accessories,1,1500.0,516.24,West,CUST1036,2023,8,Aug,Aug-2023,Q3,Wednesday,34.42
ORD00279,2023-01-07,Wireless Earbuds,Accessories,5,22500.0,8774.03,East,CUST1028,2023,1,Jan,Jan-2023,Q1,Saturday,39.0
ORD00280,2023-08-07,Oneplus Tv,Tvs,5,130000.0,14292.0,North,CUST1038,2023,8,Aug,Aug-2023,Q3,Monday,10.99
ORD00281,2023-01-13,Lg Oled,Tvs,2,86000.0,11547.55,North,CUST1026,2023,1,Jan,Jan-2023,Q1,Friday,13.43
ORD00282,2023-06-09,Asus Vivobook,Laptops,5,309500.0,33949.83,West,CUST1017,2023,6,Jun,Jun-2023,Q2,Friday,10.97
ORD00283,2023-09-13,Ipad Air,Tablets,4,159200.0,23865.15,East,CUST1026,2023,9,Sep,Sep-2023,Q3,Wednesday,14.99
ORD00284,2023-08-15,Wireless Earbuds,Accessories,4,6400.0,2754.19,North,CUST1029,2023,8,Aug,Aug-2023,Q3,Tuesday,43.03
ORD00285,2023-04-15,Usb Hub,Accessories,2,8000.0,3827.34,West,CUST1017,2023,4,Apr,Apr-2023,Q2,Saturday,47.84
ORD00286,2023-04-07,Iphone 13,Phones,1,67600.0,6027.89,South,CUST1050,2023,4,Apr,Apr-2023,Q2,Friday,8.92
ORD00287,2023-09-21,Lenovo Ideapad,Laptops,5,654000.0,114003.85,East,CUST1022,2023,9,Sep,Sep-2023,Q3,Thursday,17.43
ORD00288,2023-03-10,Iphone 13,Phones,4,177200.0,32940.62,West,CUST1044,2023,3,Mar,Mar-2023,Q1,Friday,18.59
ORD00289,2023-04-19,Vivo V23,Phones,5,87500.0,14835.18,East,CUST1024,2023,4,Apr,Apr-2023,Q2,Wednesday,16.95
ORD00290,2023-08-16,Ipad Air,Tablets,5,169500.0,22757.63,East,CUST1015,2023,8,Aug,Aug-2023,Q3,Wednesday,13.43
ORD00291,2023-09-18,Lenovo Tab P11,Tablets,4,109200.0,15036.66,South,CUST1032,2023,9,Sep,Sep-2023,Q3,Monday,13.77
ORD00292,2023-11-25,Lenovo Ideapad,Laptops,1,72500.0,15615.3,South,CUST1015,2023,11,Nov,Nov-2023,Q4,Saturday,21.54
ORD00293,2023-04-15,Hp Pavilion,Laptops,1,68100.0,9473.19,North,CUST1025,2023,4,Apr,Apr-2023,Q2,Saturday,13.91
ORD00294,2023-09-15,Macbook Air,Laptops,2,255800.0,36815.58,South,CUST1013,2023,9,Sep,Sep-2023,Q3,Friday,14.39
ORD00295,2023-07-02,Mi Tv 4K,Tvs,2,74400.0,7484.05,North,CUST1025,2023,7,Jul,Jul-2023,Q3,Sunday,10.06
ORD00296,2023-08-01,Oneplus Pad,Tablets,2,76800.0,16283.95,West,CUST1032,2023,8,Aug,Aug-2023,Q3,Tuesday,21.2
ORD00297,2023-04-29,Ipad Air,Tablets,5,121500.0,23599.26,East,CUST1049,2023,4,Apr,Apr-2023,Q2,Saturday,19.42
ORD00298,2023-05-06,Charger 65W,Accessories,2,6800.0,2340.65,West,CUST1046,2023,5,May,May-2023,Q2,Saturday,34.42
ORD00299,2023-09-26,Phone Case,Accessories,3,5100.0,2080.35,South,CUST1002,2023,9,Sep,Sep-2023,Q3,Tuesday,40.79
ORD00300,2023-03-29,Oneplus Tv,Tvs,4,410800.0,35173.26,West,CUST1013,2023,3,Mar,Mar-2023,Q1,Wednesday,8.56
ORD00301,2023-04-28,Realme Pad,Tablets,5,220000.0,36447.77,East,CUST1023,2023,4,Apr,Apr-2023,Q2,Friday,16.57
ORD00302,2023-12-28,Mi Tv 4K,Tvs,1,97300.0,7707.0,South,CUST1016,2023,12,Dec,Dec-2023,Q4,Thursday,7.92
ORD00303,2023-08-12,Redmi Note 11,Phones,5,361500.0,40975.39,West,CUST1042,2023,8,Aug,Aug-2023,Q3,Saturday,11.33
ORD00304,2023-08-19,Hp Pavilion,Laptops,1,101100.0,21227.03,East,CUST1027,2023,8,Aug,Aug-2023,Q3,Saturday,21.0
ORD00305,2023-08-22,Dell Xps 13,Laptops,5,496500.0,88686.75,South,CUST1012,2023,8,Aug,Aug-2023,Q3,Tuesday,17.86
ORD00306,2023-08-31,Iphone 13,Phones,2,128600.0,20756.74,East,CUST1006,2023,8,Aug,Aug-2023,Q3,Thursday,16.14
ORD00307,2023-01-20,Realme Pad,Tablets,2,55600.0,7939.99,South,CUST1024,2023,1,Jan,Jan-2023,Q1,Friday,14.28
ORD00308,2023-12-25,Samsung Tab S7,Tablets,5,202500.0,16253.29,North,CUST1010,2023,12,Dec,Dec-2023,Q4,Monday,8.03
ORD00309,2023-03-12,Screen Guard,Accessories,1,2200.0,837.02,West,CUST1029,2023,3,Mar,Mar-2023,Q1,Sunday,38.05
ORD00310,2023-09-11,Realme Pad,Tablets,2,72200.0,11443.15,West,CUST1034,2023,9,Sep,Sep-2023,Q3,Monday,15.85
ORD00311,2023-07-30,Hp Pavilion,Laptops,4,523200.0,91423.11,South,CUST1024,2023,7,Jul,Jul-2023,Q3,Sunday,17.47
ORD00312,2023-07-11,Mi Tv 4K,Tvs,2,184400.0,28514.47,East,CUST1048,2023,7,Jul,Jul-2023,Q3,Tuesday,15.46
ORD00313,2023-04-26,Mi Tv 4K,Tvs,1,66200.0,4675.84,North,CUST1028,2023,4,Apr,Apr-2023,Q2,Wednesday,7.06
ORD00314,2023-07-17,Lenovo Tab P11,Tablets,1,52100.0,8854.87,West,CUST1020,2023,7,Jul,Jul-2023,Q3,Monday,17.0
ORD00315,2023-11-21,Oneplus Pad,Tablets,3,131400.0,27993.95,North,CUST1010,2023,11,Nov,Nov-2023,Q4,Tuesday,21.3
ORD00316,2023-04-28,Hp Pavilion,Laptops,5,585000.0,109904.84,North,CUST1006,2023,4,Apr,Apr-2023,Q2,Friday,18.79
ORD00317,2023-02-04,Oneplus 10,Phones,5,329500.0,28579.62,South,CUST1026,2023,2,Feb,Feb-2023,Q1,Saturday,8.67
ORD00318,2023-03-15,Realme Pad,Tablets,5,159500.0,23498.63,West,CUST1005,2023,3,Mar,Mar-2023,Q1,Wednesday,14.73
ORD00319,2023-05-09,Wireless Earbuds,Accessories,4,2800.0,1346.19,West,CUST1036,2023,5,May,May-2023,Q2,Tuesday,48.08
ORD00320,2023-06-01,Redmi Note 11,Phones,4,95200.0,16199.71,North,CUST1036,2023,6,Jun,Jun-2023,Q2,Thursday,17.02
ORD00321,2023-06-12,Mi Tv 4K,Tvs,2,103600.0,9469.53,East,CUST1028,2023,6,Jun,Jun-2023,Q2,Monday,9.14
ORD00322,2023-10-28,Macbook Air,Laptops,1,125400.0,13769.54,West,CUST1043,2023,10,Oct,Oct-2023,Q4,Saturday,10.98
ORD00323,2023-06-27,Wireless Earbuds,Accessories,2,6000.0,2215.1,North,CUST1027,2023,6,Jun,Jun-2023,Q2,Tuesday,36.92
ORD00324,2023-06-03,Hp Pavilion,Laptops,4,216400.0,50274.12,West,CUST1014,2023,6,Jun,Jun-2023,Q2,Saturday,23.23
ORD00325,2023-03-28,Vivo V23,Phones,2,157400.0,15330.1,South,CUST1037,2023,3,Mar,Mar-2023,Q1,Tuesday,9.74
ORD00326,2023-06-10,Oneplus 10,Phones,3,234600.0,35899.26,South,CUST1004,2023,6,Jun,Jun-2023,Q2,Saturday,15.3
ORD00327,2023-12-20,Dell Xps 13,Laptops,1,97600.0,11440.22,West,CUST1043,2023,12,Dec,Dec-2023,Q4,Wednesday,11.72
ORD00328,2023-04-08,Iphone 13,Phones,1,54800.0,5871.14,North,CUST1010,2023,4,Apr,Apr-2023,Q2,Saturday,10.71
ORD00329,2023-11-26,Oneplus Tv,Tvs,2,176200.0,15141.02,South,CUST1016,2023,11,Nov,Nov-2023,Q4,Sunday,8.59
ORD00330,2023-02-28,Realme Pad,Tablets,4,58800.0,8922.92,South,CUST1035,2023,2,Feb,Feb-2023,Q1,Tuesday,15.18
ORD00331,2023-08-02,Ipad Air,Tablets,5,95500.0,12054.98,East,CUST1040,2023,8,Aug,Aug-2023,Q3,Wednesday,12.62
ORD00332,2023-06-17,Mi Tv 4K,Tvs,4,197200.0,34233.24,South,CUST1028,2023,6,Jun,Jun-2023,Q2,Saturday,17.36
ORD00333,2023-02-13,Dell Xps 13,Laptops,2,94400.0,16009.27,North,CUST1042,2023,2,Feb,Feb-2023,Q1,Monday,16.96
ORD00334,2023-07-16,Phone Case,Accessories,4,10000.0,3794.76,East,CUST1011,2023,7,Jul,Jul-2023,Q3,Sunday,37.95
ORD00335,2023-03-26,Wireless Earbuds,Accessories,4,16400.0,6814.51,West,CUST1009,2023,3,Mar,Mar-2023,Q1,Sunday,41.55
ORD00336,2023-09-20,Macbook Air,Laptops,4,466000.0,102048.97,West,CUST1003,2023,9,Sep,Sep-2023,Q3,Wednesday,21.9
ORD00337,2023-08-08,Samsung Qled,Tvs,3,153900.0,27397.67,North,CUST1008,2023,8,Aug,Aug-2023,Q3,Tuesday,17.8
ORD00338,2023-09-03,Mi Tv 4K,Tvs,3,164400.0,25618.65,East,CUST1032,2023,9,Sep,Sep-2023,Q3,Sunday,15.58
ORD00339,2023-03-04,Redmi Note 11,Phones,3,143400.0,28114.31,North,CUST1021,2023,3,Mar,Mar-2023,Q1,Saturday,19.61
ORD00340,2023-02-28,Lg Oled,Tvs,4,478800.0,85022.38,East,CUST1027,2023,2,Feb,Feb-2023,Q1,Tuesday,17.76
ORD00341,2023-06-03,Sony Bravia,Tvs,3,225300.0,32966.44,South,CUST1005,2023,6,Jun,Jun-2023,Q2,Saturday,14.63
ORD00342,2023-05-14,Realme Pad,Tablets,4,195600.0,38077.24,East,CUST1044,2023,5,May,May-2023,Q2,Sunday,19.47
ORD00343,2023-08-01,Oneplus 10,Phones,2,136800.0,18483.3,West,CUST1034,2023,8,Aug,Aug-2023,Q3,Tuesday,13.51
ORD00344,2023-06-05,Oneplus Pad,Tablets,4,138400.0,15806.33,West,CUST1026,2023,6,Jun,Jun-2023,Q2,Monday,11.42
ORD00345,2023-12-04,Vivo V23,Phones,3,72600.0,8839.27,South,CUST1011,2023,12,Dec,Dec-2023,Q4,Monday,12.18
ORD00346,2023-12-13,Iphone 13,Phones,5,337000.0,61080.74,East,CUST1033,2023,12,Dec,Dec-2023,Q4,Wednesday,18.12
ORD00347,2023-06-05,Usb Hub,Accessories,2,4000.0,1749.06,East,CUST1039,2023,6,Jun,Jun-2023,Q2,Monday,43.73
ORD00348,2023-05-08,Redmi Note 11,Phones,4,318000.0,28213.12,East,CUST1003,2023,5,May,May-2023,Q2,Monday,8.87
ORD00349,2023-01-21,Wireless Earbuds,Accessories,1,1500.0,558.11,East,CUST1046,2023,1,Jan,Jan-2023,Q1,Saturday,37.21
ORD00350,2023-09-09,Screen Guard,Accessories,4,6000.0,2768.88,North,CUST1015,2023,9,Sep,Sep-2023,Q3,Saturday,46.15
ORD00351,2023-04-01,Hp Pavilion,Laptops,1,136200.0,13623.85,South,CUST1046,2023,4,Apr,Apr-2023,Q2,Saturday,10.0
ORD00352,2023-03-25,Usb Hub,Accessories,3,7200.0,3315.39,North,CUST1025,2023,3,Mar,Mar-2023,Q1,Saturday,46.05
ORD00353,2023-10-02,Dell Xps 13,Laptops,3,441000.0,98742.48,North,CUST1028,2023,10,Oct,Oct-2023,Q4,Monday,22.39
ORD00354,2023-10-02,Usb Hub,Accessories,1,1900.0,885.17,East,CUST1014,2023,10,Oct,Oct-2023,Q4,Monday,46.59
ORD00355,2023-11-16,Oneplus Tv,Tvs,4,136800.0,12178.93,North,CUST1025,2023,11,Nov,Nov-2023,Q4,Thursday,8.9
ORD00356,2023-02-10,Realme Pad,Tablets,3,65100.0,11863.46,West,CUST1004,2023,2,Feb,Feb-2023,Q1,Friday,18.22
ORD00357,2023-04-30,Wireless Earbuds,Accessories,1,2000.0,736.16,East,CUST1016,2023,4,Apr,Apr-2023,Q2,Sunday,36.81
ORD00358,2023-02-19,Sony Bravia,Tvs,4,321600.0,57711.92,North,CUST1021,2023,2,Feb,Feb-2023,Q1,Sunday,17.95
ORD00359,2023-07-20,Mi Tv 4K,Tvs,5,409500.0,30217.81,North,CUST1009,2023,7,Jul,Jul-2023,Q3,Thursday,7.38
ORD00360,2023-01-08,Phone Case,Accessories,1,800.0,392.93,North,CUST1023,2023,1,Jan,Jan-2023,Q1,Sunday,49.12
ORD00361,2023-08-20,Screen Guard,Accessories,1,2000.0,665.93,North,CUST1038,2023,8,Aug,Aug-2023,Q3,Sunday,33.3
ORD00362,2023-12-14,Charger 65W,Accessories,5,17000.0,7399.85,West,CUST1004,2023,12,Dec,Dec-2023,Q4,Thursday,43.53
ORD00363,2023-06-11,Usb Hub,Accessories,3,10200.0,4999.08,East,CUST1041,2023,6,Jun,Jun-2023,Q2,Sunday,49.01
ORD00364,2023-08-06,Iphone 13,Phones,2,77000.0,10525.84,East,CUST1008,2023,8,Aug,Aug-2023,Q3,Sunday,13.67
ORD00365,2023-08-29,Oneplus Pad,Tablets,2,107600.0,13599.41,East,CUST1040,2023,8,Aug,Aug-2023,Q3,Tuesday,12.64
ORD00366,2023-02-18,Realme Pad,Tablets,4,83600.0,12733.97,South,CUST1049,2023,2,Feb,Feb-2023,Q1,Saturday,15.23
ORD00367,2023-09-02,Oneplus Pad,Tablets,4,97200.0,14074.49,North,CUST1042,2023,9,Sep,Sep-2023,Q3,Saturday,14.48
ORD00368,2023-01-17,Ipad Air,Tablets,1,47100.0,5644.4,West,CUST1021,2023,1,Jan,Jan-2023,Q1,Tuesday,11.98
ORD00369,2023-05-27,Lenovo Tab P11,Tablets,1,13300.0,2321.63,East,CUST1013,2023,5,May,May-2023,Q2,Saturday,17.46
ORD00370,2023-04-19,Sony Bravia,Tvs,4,377200.0,62566.55,West,CUST1048,2023,4,Apr,Apr-2023,Q2,Wednesday,16.59
ORD00371,2023-01-08,Vivo V23,Phones,2,154200.0,27531.45,North,CUST1027,2023,1,Jan,Jan-2023,Q1,Sunday,17.85
ORD00372,2023-06-10,Sony Bravia,Tvs,4,360800.0,26604.86,East,CUST1036,2023,6,Jun,Jun-2023,Q2,Saturday,7.37
ORD00373,2023-04-23,Asus Vivobook,Laptops,3,316800.0,57796.22,North,CUST1012,2023,4,Apr,Apr-2023,Q2,Sunday,18.24
ORD00374,2023-04-15,Hp Pavilion,Laptops,1,143600.0,28761.05,South,CUST1002,2023,4,Apr,Apr-2023,Q2,Saturday,20.03
ORD00375,2023-04-28,Lenovo Tab P11,Tablets,5,62000.0,10481.31,North,CUST1039,2023,4,Apr,Apr-2023,Q2,Friday,16.91
ORD00376,2023-04-03,Phone Case,Accessories,4,13600.0,6095.47,South,CUST1003,2023,4,Apr,Apr-2023,Q2,Monday,44.82
ORD00377,2023-11-17,Dell Xps 13,Laptops,1,86400.0,12463.73,East,CUST1045,2023,11,Nov,Nov-2023,Q4,Friday,14.43
ORD00378,2023-10-06,Asus Vivobook,Laptops,5,644500.0,85336.77,West,CUST1038,2023,10,Oct,Oct-2023,Q4,Friday,13.24
ORD00379,2023-03-14,Usb Hub,Accessories,3,7200.0,3129.07,North,CUST1038,2023,3,Mar,Mar-2023,Q1,Tuesday,43.46
ORD00380,2023-06-05,Lenovo Ideapad,Laptops,4,511200.0,114183.35,West,CUST1015,2023,6,Jun,Jun-2023,Q2,Monday,22.34
ORD00381,2023-06-16,Oneplus 10,Phones,2,78200.0,6513.31,South,CUST1028,2023,6,Jun,Jun-2023,Q2,Friday,8.33
ORD00382,2023-05-28,Mi Tv 4K,Tvs,5,548000.0,55624.9,East,CUST1029,2023,5,May,May-2023,Q2,Sunday,10.15
ORD00383,2023-05-06,Lenovo Ideapad,Laptops,2,220200.0,33270.16,East,CUST1049,2023,5,May,May-2023,Q2,Saturday,15.11
ORD00384,2023-11-17,Vivo V23,Phones,2,139400.0,20857.95,East,CUST1004,2023,11,Nov,Nov-2023,Q4,Friday,14.96
ORD00385,2023-03-08,Vivo V23,Phones,2,93200.0,7763.97,East,CUST1045,2023,3,Mar,Mar-2023,Q1,Wednesday,8.33
ORD00386,2023-08-22,Wireless Earbuds,Accessories,3,4200.0,2037.54,East,CUST1050,2023,8,Aug,Aug-2023,Q3,Tuesday,48.51
ORD00387,2023-05-05,Realme Pad,Tablets,5,122000.0,25133.42,North,CUST1042,2023,5,May,May-2023,Q2,Friday,20.6
ORD00388,2023-07-20,Usb Hub,Accessories,3,13500.0,5677.95,North,CUST1029,2023,7,Jul,Jul-2023,Q3,Thursday,42.06
ORD00389,2023-10-05,Samsung Qled,Tvs,4,111600.0,19696.18,West,CUST1005,2023,10,Oct,Oct-2023,Q4,Thursday,17.65
ORD00390,2023-11-05,Sony Bravia,Tvs,1,75600.0,6063.15,East,CUST1023,2023,11,Nov,Nov-2023,Q4,Sunday,8.02
ORD00391,2023-09-07,Lenovo Tab P11,Tablets,2,95200.0,17065.73,North,CUST1021,2023,9,Sep,Sep-2023,Q3,Thursday,17.93
ORD00392,2023-04-02,Usb Hub,Accessories,4,16800.0,6870.62,East,CUST1024,2023,4,Apr,Apr-2023,Q2,Sunday,40.9
ORD00393,2023-09-30,Samsung Qled,Tvs,5,422500.0,50137.12,East,CUST1018,2023,9,Sep,Sep-2023,Q3,Saturday,11.87
ORD00394,2023-10-11,Samsung S22,Phones,3,84300.0,10741.21,North,CUST1017,2023,10,Oct,Oct-2023,Q4,Wednesday,12.74
ORD00395,2023-12-20,Mi Tv 4K,Tvs,3,112800.0,14795.04,East,CUST1045,2023,12,Dec,Dec-2023,Q4,Wednesday,13.12
ORD00396,2023-07-03,Usb Hub,Accessories,3,9000.0,2803.93,West,CUST1041,2023,7,Jul,Jul-2023,Q3,Monday,31.15
ORD00397,2023-04-18,Lenovo Ideapad,Laptops,1,144400.0,25549.47,West,CUST1032,2023,4,Apr,Apr-2023,Q2,Tuesday,17.69
ORD00398,2023-07-22,Lenovo Ideapad,Laptops,3,187200.0,40111.29,West,CUST1050,2023,7,Jul,Jul-2023,Q3,Saturday,21.43
ORD00399,2023-06-24,Oneplus 10,Phones,5,393500.0,50726.13,East,CUST1047,2023,6,Jun,Jun-2023,Q2,Saturday,12.89
ORD00400,2023-04-26,Usb Hub,Accessories,3,4200.0,1351.78,North,CUST1017,2023,4,Apr,Apr-2023,Q2,Wednesday,32.19
ORD00401,2023-10-21,Iphone 13,Phones,1,73100.0,6395.88,East,CUST1005,2023,10,Oct,Oct-2023,Q4,Saturday,8.75
ORD00402,2023-06-20,Oneplus Tv,Tvs,2,140600.0,20039.25,East,CUST1010,2023,6,Jun,Jun-2023,Q2,Tuesday,14.25
ORD00403,2023-07-03,Asus Vivobook,Laptops,4,514000.0,72892.39,South,CUST1030,2023,7,Jul,Jul-2023,Q3,Monday,14.18
ORD00404,2023-11-23,Lenovo Tab P11,Tablets,2,82200.0,16110.02,South,CUST1007,2023,11,Nov,Nov-2023,Q4,Thursday,19.6
ORD00405,2023-02-06,Ipad Air,Tablets,4,191600.0,35190.53,North,CUST1040,2023,2,Feb,Feb-2023,Q1,Monday,18.37
ORD00406,2023-07-13,Mi Tv 4K,Tvs,1,97800.0,15795.73,East,CUST1040,2023,7,Jul,Jul-2023,Q3,Thursday,16.15
ORD00407,2023-12-21,Samsung S22,Phones,4,166000.0,14594.92,West,CUST1003,2023,12,Dec,Dec-2023,Q4,Thursday,8.79
ORD00408,2023-03-24,Usb Hub,Accessories,5,18000.0,5421.92,East,CUST1038,2023,3,Mar,Mar-2023,Q1,Friday,30.12
ORD00409,2023-07-07,Dell Xps 13,Laptops,2,254800.0,52504.85,South,CUST1002,2023,7,Jul,Jul-2023,Q3,Friday,20.61
ORD00410,2023-08-03,Asus Vivobook,Laptops,4,540000.0,86505.79,South,CUST1027,2023,8,Aug,Aug-2023,Q3,Thursday,16.02
ORD00411,2023-09-26,Oneplus Tv,Tvs,1,77200.0,6663.35,North,CUST1019,2023,9,Sep,Sep-2023,Q3,Tuesday,8.63
ORD00412,2023-07-02,Samsung Qled,Tvs,1,97200.0,8023.0,East,CUST1032,2023,7,Jul,Jul-2023,Q3,Sunday,8.25
ORD00413,2023-06-09,Macbook Air,Laptops,4,434800.0,48161.22,South,CUST1014,2023,6,Jun,Jun-2023,Q2,Friday,11.08
ORD00414,2023-01-30,Lenovo Ideapad,Laptops,4,293600.0,42130.28,East,CUST1004,2023,1,Jan,Jan-2023,Q1,Monday,14.35
ORD00415,2023-10-17,Samsung Qled,Tvs,2,126200.0,9974.2,South,CUST1034,2023,10,Oct,Oct-2023,Q4,Tuesday,7.9
ORD00416,2023-08-29,Ipad Air,Tablets,4,117200.0,11061.89,South,CUST1029,2023,8,Aug,Aug-2023,Q3,Tuesday,9.44
ORD00417,2023-11-21,Macbook Air,Laptops,1,46900.0,10594.75,West,CUST1029,2023,11,Nov,Nov-2023,Q4,Tuesday,22.59
ORD00418,2023-06-11,Phone Case,Accessories,1,2100.0,743.57,West,CUST1004,2023,6,Jun,Jun-2023,Q2,Sunday,35.41
ORD00419,2023-04-22,Wireless Earbuds,Accessories,3,7500.0,3614.91,West,CUST1012,2023,4,Apr,Apr-2023,Q2,Saturday,48.2
ORD00420,2023-11-12,Realme Pad,Tablets,1,41500.0,6189.06,East,CUST1025,2023,11,Nov,Nov-2023,Q4,Sunday,14.91
ORD00421,2023-01-24,Asus Vivobook,Laptops,5,681500.0,86837.47,West,CUST1011,2023,1,Jan,Jan-2023,Q1,Tuesday,12.74
ORD00422,2023-07-30,Redmi Note 11,Phones,1,34400.0,3186.95,West,CUST1037,2023,7,Jul,Jul-2023,Q3,Sunday,9.26
ORD00423,2023-02-10,Dell Xps 13,Laptops,5,474000.0,74782.04,East,CUST1047,2023,2,Feb,Feb-2023,Q1,Friday,15.78
ORD00424,2023-01-13,Hp Pavilion,Laptops,4,161200.0,36889.57,South,CUST1037,2023,1,Jan,Jan-2023,Q1,Friday,22.88
ORD00425,2023-11-06,Mi Tv 4K,Tvs,2,90200.0,12527.19,West,CUST1022,2023,11,Nov,Nov-2023,Q4,Monday,13.89
ORD00426,2023-08-04,Redmi Note 11,Phones,5,320000.0,26980.05,West,CUST1007,2023,8,Aug,Aug-2023,Q3,Friday,8.43
ORD00427,2023-05-29,Wireless Earbuds,Accessories,3,5700.0,2445.11,West,CUST1040,2023,5,May,May-2023,Q2,Monday,42.9
ORD00428,2023-11-09,Redmi Note 11,Phones,5,168500.0,20916.63,North,CUST1010,2023,11,Nov,Nov-2023,Q4,Thursday,12.41
ORD00429,2023-04-12,Mi Tv 4K,Tvs,5,452000.0,40240.05,West,CUST1002,2023,4,Apr,Apr-2023,Q2,Wednesday,8.9
ORD00430,2023-04-12,Redmi Note 11,Phones,2,34000.0,5723.7,North,CUST1012,2023,4,Apr,Apr-2023,Q2,Wednesday,16.83
ORD00431,2023-12-12,Usb Hub,Accessories,3,13200.0,4069.97,South,CUST1001,2023,12,Dec,Dec-2023,Q4,Tuesday,30.83
ORD00432,2023-10-10,Screen Guard,Accessories,1,2800.0,1386.57,South,CUST1042,2023,10,Oct,Oct-2023,Q4,Tuesday,49.52
ORD00433,2023-08-12,Ipad Air,Tablets,2,39600.0,5582.45,North,CUST1025,2023,8,Aug,Aug-2023,Q3,Saturday,14.1
ORD00434,2023-07-27,Samsung S22,Phones,4,226800.0,33674.8,East,CUST1036,2023,7,Jul,Jul-2023,Q3,Thursday,14.85
ORD00435,2023-08-13,Mi Tv 4K,Tvs,3,81600.0,13694.71,East,CUST1025,2023,8,Aug,Aug-2023,Q3,Sunday,16.78
ORD00436,2023-06-06,Samsung Qled,Tvs,4,441600.0,64127.5,South,CUST1034,2023,6,Jun,Jun-2023,Q2,Tuesday,14.52
ORD00437,2023-03-31,Usb Hub,Accessories,4,10400.0,3240.32,West,CUST1009,2023,3,Mar,Mar-2023,Q1,Friday,31.16
ORD00438,2023-10-05,Mi Tv 4K,Tvs,2,172400.0,21956.04,North,CUST1017,2023,10,Oct,Oct-2023,Q4,Thursday,12.74
ORD00439,2023-01-25,Samsung Tab S7,Tablets,4,154400.0,31721.56,South,CUST1045,2023,1,Jan,Jan-2023,Q1,Wednesday,20.55
ORD00440,2023-12-17,Lenovo Tab P11,Tablets,5,234500.0,39638.39,West,CUST1011,2023,12,Dec,Dec-2023,Q4,Sunday,16.9
ORD00441,2023-07-07,Ipad Air,Tablets,1,52700.0,6704.9,North,CUST1047,2023,7,Jul,Jul-2023,Q3,Friday,12.72
ORD00442,2023-11-04,Samsung S22,Phones,2,49200.0,3982.3,North,CUST1011,2023,11,Nov,Nov-2023,Q4,Saturday,8.09
ORD00443,2023-05-02,Samsung S22,Phones,3,193500.0,23706.1,North,CUST1046,2023,5,May,May-2023,Q2,Tuesday,12.25
ORD00444,2023-01-03,Lg Oled,Tvs,2,84200.0,9685.67,South,CUST1006,2023,1,Jan,Jan-2023,Q1,Tuesday,11.5
ORD00445,2023-08-28,Mi Tv 4K,Tvs,5,148500.0,23943.84,East,CUST1013,2023,8,Aug,Aug-2023,Q3,Monday,16.12
ORD00446,2023-03-09,Hp Pavilion,Laptops,4,450000.0,52350.3,East,CUST1048,2023,3,Mar,Mar-2023,Q1,Thursday,11.63
ORD00447,2023-10-01,Samsung Tab S7,Tablets,1,21400.0,3087.05,East,CUST1023,2023,10,Oct,Oct-2023,Q4,Sunday,14.43
ORD00448,2023-05-05,Macbook Air,Laptops,4,524800.0,110112.69,South,CUST1017,2023,5,May,May-2023,Q2,Friday,20.98
ORD00449,2023-01-08,Lenovo Tab P11,Tablets,5,265000.0,57077.65,North,CUST1042,2023,1,Jan,Jan-2023,Q1,Sunday,21.54
ORD00450,2023-03-29,Charger 65W,Accessories,3,10500.0,3491.67,South,CUST1022,2023,3,Mar,Mar-2023,Q1,Wednesday,33.25
ORD00451,2023-06-05,Mi Tv 4K,Tvs,1,104400.0,16091.22,South,CUST1043,2023,6,Jun,Jun-2023,Q2,Monday,15.41
ORD00452,2023-04-01,Lg Oled,Tvs,4,167600.0,20407.32,South,CUST1037,2023,4,Apr,Apr-2023,Q2,Saturday,12.18
ORD00453,2023-01-10,Ipad Air,Tablets,5,163500.0,28243.11,West,CUST1009,2023,1,Jan,Jan-2023,Q1,Tuesday,17.27
ORD00454,2023-11-23,Samsung Tab S7,Tablets,3,99900.0,15162.91,North,CUST1003,2023,11,Nov,Nov-2023,Q4,Thursday,15.18
ORD00455,2023-12-25,Screen Guard,Accessories,5,3000.0,934.62,East,CUST1026,2023,12,Dec,Dec-2023,Q4,Monday,31.15
ORD00456,2023-04-01,Samsung S22,Phones,5,156500.0,23113.31,South,CUST1004,2023,4,Apr,Apr-2023,Q2,Saturday,14.77
ORD00457,2023-04-26,Samsung S22,Phones,1,27500.0,5230.19,East,CUST1010,2023,4,Apr,Apr-2023,Q2,Wednesday,19.02
ORD00458,2023-10-05,Lenovo Tab P11,Tablets,1,13700.0,1165.08,South,CUST1045,2023,10,Oct,Oct-2023,Q4,Thursday,8.5
ORD00459,2023-05-29,Vivo V23,Phones,4,211200.0,27961.55,East,CUST1012,2023,5,May,May-2023,Q2,Monday,13.24
ORD00460,2023-11-23,Hp Pavilion,Laptops,3,167400.0,27539.88,South,CUST1040,2023,11,Nov,Nov-2023,Q4,Thursday,16.45
ORD00461,2023-08-30,Oneplus Tv,Tvs,4,412800.0,68799.93,West,CUST1045,2023,8,Aug,Aug-2023,Q3,Wednesday,16.67
ORD00462,2023-11-20,Sony Bravia,Tvs,3,244200.0,15613.45,South,CUST1015,2023,11,Nov,Nov-2023,Q4,Monday,6.39
ORD00463,2023-02-09,Realme Pad,Tablets,1,29600.0,5728.28,East,CUST1036,2023,2,Feb,Feb-2023,Q1,Thursday,19.35
ORD00464,2023-06-30,Asus Vivobook,Laptops,2,261400.0,46359.01,West,CUST1023,2023,6,Jun,Jun-2023,Q2,Friday,17.73
ORD00465,2023-09-06,Oneplus Tv,Tvs,5,488500.0,29310.68,West,CUST1006,2023,9,Sep,Sep-2023,Q3,Wednesday,6.0
ORD00466,2023-03-26,Sony Bravia,Tvs,2,88200.0,7446.67,North,CUST1020,2023,3,Mar,Mar-2023,Q1,Sunday,8.44
ORD00467,2023-08-27,Lenovo Tab P11,Tablets,4,214400.0,23884.39,North,CUST1005,2023,8,Aug,Aug-2023,Q3,Sunday,11.14
ORD00468,2023-04-22,Lg Oled,Tvs,2,220200.0,34827.54,East,CUST1014,2023,4,Apr,Apr-2023,Q2,Saturday,15.82
ORD00469,2023-08-01,Oneplus 10,Phones,4,316000.0,53881.09,South,CUST1021,2023,8,Aug,Aug-2023,Q3,Tuesday,17.05
ORD00470,2023-09-12,Oneplus 10,Phones,2,122200.0,12229.6,South,CUST1009,2023,9,Sep,Sep-2023,Q3,Tuesday,10.01
ORD00471,2023-02-17,Oneplus 10,Phones,2,92600.0,11427.32,West,CUST1047,2023,2,Feb,Feb-2023,Q1,Friday,12.34
ORD00472,2023-07-10,Oneplus 10,Phones,5,257000.0,44637.77,North,CUST1036,2023,7,Jul,Jul-2023,Q3,Monday,17.37
ORD00473,2023-07-17,Iphone 13,Phones,2,120600.0,19985.74,North,CUST1047,2023,7,Jul,Jul-2023,Q3,Monday,16.57
ORD00474,2023-03-14,Asus Vivobook,Laptops,1,70100.0,15496.35,North,CUST1006,2023,3,Mar,Mar-2023,Q1,Tuesday,22.11
ORD00475,2023-03-17,Screen Guard,Accessories,5,22000.0,9685.15,West,CUST1047,2023,3,Mar,Mar-2023,Q1,Friday,44.02
ORD00476,2023-02-01,Sony Bravia,Tvs,1,61100.0,4861.38,West,CUST1004,2023,2,Feb,Feb-2023,Q1,Wednesday,7.96
ORD00477,2023-03-19,Dell Xps 13,Laptops,3,378000.0,44852.51,South,CUST1033,2023,3,Mar,Mar-2023,Q1,Sunday,11.87
ORD00478,2023-06-17,Asus Vivobook,Laptops,4,406000.0,71116.25,East,CUST1001,2023,6,Jun,Jun-2023,Q2,Saturday,17.52
ORD00479,2023-05-27,Samsung Qled,Tvs,5,581500.0,84741.58,West,CUST1016,2023,5,May,May-2023,Q2,Saturday,14.57
ORD00480,2023-05-31,Lenovo Tab P11,Tablets,2,93600.0,16361.41,South,CUST1022,2023,5,May,May-2023,Q2,Wednesday,17.48
ORD00481,2023-04-24,Ipad Air,Tablets,5,75000.0,9285.06,West,CUST1019,2023,4,Apr,Apr-2023,Q2,Monday,12.38
ORD00482,2023-04-23,Samsung Tab S7,Tablets,4,164000.0,14310.15,West,CUST1011,2023,4,Apr,Apr-2023,Q2,Sunday,8.73
ORD00483,2023-02-26,Samsung Qled,Tvs,4,336000.0,33628.89,West,CUST1014,2023,2,Feb,Feb-2023,Q1,Sunday,10.01
ORD00484,2023-01-19,Samsung Qled,Tvs,1,52100.0,5831.66,South,CUST1005,2023,1,Jan,Jan-2023,Q1,Thursday,11.19
ORD00485,2023-03-20,Samsung Tab S7,Tablets,4,216800.0,41166.13,East,CUST1014,2023,3,Mar,Mar-2023,Q1,Monday,18.99
ORD00486,2023-07-21,Realme Pad,Tablets,4,95600.0,11346.25,North,CUST1008,2023,7,Jul,Jul-2023,Q3,Friday,11.87
ORD00487,2023-11-21,Asus Vivobook,Laptops,2,119400.0,29324.82,West,CUST1041,2023,11,Nov,Nov-2023,Q4,Tuesday,24.56
ORD00488,2023-06-26,Lg Oled,Tvs,2,160600.0,13575.98,West,CUST1007,2023,6,Jun,Jun-2023,Q2,Monday,8.45
ORD00489,2023-01-02,Lenovo Tab P11,Tablets,2,68400.0,12559.79,West,CUST1024,2023,1,Jan,Jan-2023,Q1,Monday,18.36
ORD00490,2023-08-18,Macbook Air,Laptops,3,316500.0,39820.95,West,CUST1027,2023,8,Aug,Aug-2023,Q3,Friday,12.58
ORD00491,2023-11-18,Redmi Note 11,Phones,4,179200.0,16316.42,South,CUST1034,2023,11,Nov,Nov-2023,Q4,Saturday,9.11
ORD00492,2023-11-22,Lenovo Tab P11,Tablets,2,62800.0,10932.72,North,CUST1036,2023,11,Nov,Nov-2023,Q4,Wednesday,17.41
ORD00493,2023-06-03,Oneplus Pad,Tablets,2,98400.0,20914.2,North,CUST1010,2023,6,Jun,Jun-2023,Q2,Saturday,21.25
ORD00494,2023-10-05,Samsung Qled,Tvs,3,326700.0,27546.01,West,CUST1034,2023,10,Oct,Oct-2023,Q4,Thursday,8.43
ORD00495,2023-01-07,Vivo V23,Phones,4,223200.0,28184.27,North,CUST1009,2023,1,Jan,Jan-2023,Q1,Saturday,12.63
ORD00496,2023-02-15,Phone Case,Accessories,1,1500.0,667.72,South,CUST1032,2023,2,Feb,Feb-2023,Q1,Wednesday,44.51
ORD00497,2023-09-01,Samsung S22,Phones,2,126600.0,15096.46,East,CUST1021,2023,9,Sep,Sep-2023,Q3,Friday,11.92
ORD00498,2023-09-05,Redmi Note 11,Phones,4,172800.0,28825.41,West,CUST1017,2023,9,Sep,Sep-2023,Q3,Tuesday,16.68
ORD00499,2023-06-17,Ipad Air,Tablets,1,22400.0,4031.27,East,CUST1049,2023,6,Jun,Jun-2023,Q2,Saturday,18.0
ORD00500,2023-10-17,Mi Tv 4K,Tvs,1,45400.0,4199.35,West,CUST1011,2023,10,Oct,Oct-2023,Q4,Tuesday,9.25
